INSERT INTO tp.Centro_Logistico(id_logistico, nombre, estado, horario_apertura, horario_cierre, pageRank) VALUES 
  ('0', 'Puerto', 'OPERATIVA', '8:00', '15:00', 1.0),
  ('1', 'B', 'OPERATIVA', '8:00', '15:00', 1.0),
  ('2', 'C', 'OPERATIVA', '8:00', '15:00', 1.0),
  ('3', 'X', 'OPERATIVA', '8:00', '15:00', 1.0),
  ('4', 'D', 'OPERATIVA', '8:00', '15:00', 1.0),
  ('5', 'F', 'OPERATIVA', '8:00', '15:00', 1.0),
  ('6', 'Y', 'OPERATIVA', '8:00', '15:00', 1.0),
  ('7', 'E', 'OPERATIVA', '8:00', '15:00', 1.0),
  ('8', 'G', 'OPERATIVA', '8:00', '15:00', 1.0),
  ('9', 'Z', 'OPERATIVA', '8:00', '15:00', 1.0),
  ('10', 'Centro', 'OPERATIVA', '8:00', '15:00', 1.0);

INSERT INTO tp.Centro(id_centro) VALUES ('10');
INSERT INTO tp.Puerto(id_puerto) VALUES ('0');
INSERT INTO tp.Sucursal(id_sucursal) VALUES ('1'), ('2'), ('3'), ('4'), ('5'), ('6'), ('7'), ('8'), ('9');

INSERT INTO tp.Ruta(id_ruta, sucursal_origen, sucursal_destino, estado, capacidad, duracion) VALUES
  ('0', '0', '1', 'OPERATIVA', 50.00, 120),
  ('1', '0', '2', 'OPERATIVA', 100.00, 150),
  ('2', '0', '3', 'OPERATIVA', 100.00, 180),
  ('3', '1', '4', 'OPERATIVA', 100.00, 150),
  ('4', '1', '2', 'OPERATIVA', 100.00, 150),
  ('5', '2', '4', 'OPERATIVA', 100.00, 150),
  ('6', '2', '5', 'OPERATIVA', 100.00, 150),
  ('7', '3', '2', 'OPERATIVA', 100.00, 150),
  ('8', '3', '8', 'OPERATIVA', 100.00, 150),
  ('9', '3', '6', 'OPERATIVA', 100.00, 150),
  ('10', '4', '7', 'OPERATIVA', 100.00, 150),
  ('11', '4', '5', 'OPERATIVA', 100.00, 150),
  ('12', '5', '8', 'OPERATIVA', 100.00, 150),
  ('13', '5', '6', 'OPERATIVA', 100.00, 150),
  ('14', '6', '9', 'OPERATIVA', 100.00, 150),
  ('15', '7', '10', 'OPERATIVA', 100.00, 150),
  ('16', '8', '7', 'OPERATIVA', 100.00, 150),
  ('17', '8', '10', 'OPERATIVA', 100.00, 150),
  ('18', '9', '10', 'OPERATIVA', 100.00, 150);
  
INSERT INTO tp.producto(id_producto, nombre, descripcion, precio) VALUES
  ('0', 'Televisor Noblex', 'Televisor', 750.0),
  ('1', 'Notebook Lenovo', 'Computadora', 600.0),
  ('2', 'Samsung S23', 'SmartPhone', 1200.0),
  ('3', 'RedmiAirdots', 'Auriculares', 50.0),
  ('4', 'NoblexAirdots', 'Auriculares', 50.0),
  ('5', 'Casio fx99ES', 'Calculadora', 500.0),
  ('6', 'Asus Vivobook', 'Computadora', 600.0),
  ('7', 'Asus RogStrigs', 'Computadora', 1000.0),
  ('8', 'Aurus Gaming2', 'Computadora', 1250.0),
  ('9', 'Gigabite 15X', 'Computadora', 750.0),
  ('10', 'HP Pavilon', 'Computadora', 800.0),
  ('11', 'Microndas Atma', 'Microndas', 1000.0),
  ('12', 'Microndas Gama', 'Microndas', 980.0),
  ('13', 'Microndas Samsung', 'Microndas', 870.0),
  ('14', 'Microndas Liliana', 'Microndas', 900.0),
  ('15', 'Motorola G40', 'SmartPhone', 250.0),
  ('16', 'Intel I3', 'Procesador', 300.0),
  ('17', 'Intel I5', 'Procesador', 400.0),
  ('18', 'Intel I7', 'Procesador', 550.0),
  ('19', 'Noblex Speaker', 'Parlante', 630.0),
  ('20', 'Noga Slim3', 'Parlante', 125.0),
  ('21', 'JFlip5', 'Parlante', 400.0),
  ('22', 'Kingston 2gb', 'Pendrive', 55.0),
  ('23', 'Kingston 4gb', 'Pendrive', 100.0),
  ('24', 'Kingston 8gb', 'Pendrive', 130.0),
  ('25', 'Kingston 16gb', 'Pendrive', 170.0),
  ('26', 'Kingston 32gb', 'Pendrive', 205.0),
  ('27', 'Kingston 64gb', 'Pendrive', 302.0),
  ('28', 'Epson Printer', 'Impresora', 302.0),
  ('29', 'Samsung 2265W', 'Impresora', 302.0),
  ('30', 'Hp Printer 45W', 'Impresora', 302.0);


INSERT INTO tp.stock(id_stock, id_producto, id_logistico, cantidad, unidad) VALUES
  ('0', '0', '0', 400, 'UNIDADES'),
  ('1', '1', '0', 500, 'UNIDADES'),
  ('2', '2', '0', 700, 'UNIDADES'),
  ('3', '3', '0', 345, 'UNIDADES'),
  ('4', '4', '0', 500, 'UNIDADES'),
  ('5', '5', '0', 500, 'UNIDADES'),
  ('6', '6', '0', 500, 'UNIDADES'),
  ('7', '7', '0', 500, 'UNIDADES'),
  ('8', '8', '0', 500, 'UNIDADES'),
  ('9', '1', '1', 450, 'UNIDADES'),
  ('10', '2', '1', 230, 'UNIDADES'),
  ('11', '3', '1', 240, 'UNIDADES'),
  ('12', '4', '1', 210, 'UNIDADES'),
  ('13', '5', '1', 210, 'UNIDADES'),
  ('14', '6', '1', 10, 'UNIDADES'),
  ('15', '7', '2', 1111, 'UNIDADES'),
  ('16', '8', '2', 200, 'UNIDADES'),
  ('18', '9', '2', 45, 'UNIDADES'),
  ('19', '10', '2', 23, 'KILOGRAMOS'),
  ('20', '11', '2', 500, 'KILOGRAMOS'),
  ('21', '20', '3', 78, 'UNIDADES'),
  ('22', '21', '3', 500, 'UNIDADES'),
  ('23', '22', '3', 98, 'UNIDADES'),
  ('24', '23', '3', 500, 'UNIDADES'),
  ('25', '24', '4', 500, 'UNIDADES'),
  ('26', '15', '4', 500, 'KILOGRAMOS'),
  ('27', '26', '4', 500, 'UNIDADES'),
  ('28', '27', '4', 500, 'UNIDADES'),
  ('29', '3', '5', 450, 'UNIDADES'),
  ('30', '30', '5', 400, 'KILOGRAMOS'),
  ('31', '1', '5', 500, 'UNIDADES'),
  ('32', '21', '6', 700, 'UNIDADES'),
  ('33', '22', '6', 345, 'UNIDADES'),
  ('34', '23', '7', 500, 'UNIDADES'),
  ('35', '24', '7', 500, 'UNIDADES'),
  ('36', '25', '7', 500, 'UNIDADES'),
  ('37', '26', '7', 500, 'UNIDADES'),
  ('38', '30', '8', 500, 'KILOGRAMOS'),
  ('39', '21', '8', 450, 'UNIDADES'),
  ('40', '22', '8', 230, 'UNIDADES'),
  ('41', '23', '8', 240, 'UNIDADES'),
  ('42', '24', '9', 210, 'UNIDADES'),
  ('43', '25', '9', 10, 'UNIDADES'),
  ('44', '26', '9', 1111, 'UNIDADES'),
  ('45', '27', '9', 200, 'UNIDADES'),
  ('46', '28', '9', 45, 'UNIDADES'),
  ('47', '29', '10', 23, 'UNIDADES'),
  ('48', '30', '10', 500, 'KILOGRAMOS'),
  ('49', '15', '10', 78, 'KILOGRAMOS'),
  ('50', '14', '10', 500, 'KILOGRAMOS'),
  ('51', '13', '10', 98, 'KILOGRAMOS'),
  ('52', '12', '10', 500, 'KILOGRAMOS'),
  ('53', '11', '10', 500, 'KILOGRAMOS'),
  ('54', '10', '1', 500, 'KILOGRAMOS'),
  ('55', '9', '1', 500, 'UNIDADES'),
  ('56', '8', '1', 500, 'UNIDADES'),
  ('57', '7', '1', 450, 'UNIDADES'),
  ('58', '9', '0', 400, 'UNIDADES'),
  ('59', '10', '0', 500, 'KILOGRAMOS'),
  ('60', '11', '0', 700, 'KILOGRAMOS'),
  ('61', '12', '0', 345, 'KILOGRAMOS'),
  ('62', '13', '0', 500, 'KILOGRAMOS'),
  ('63', '14', '0', 500, 'KILOGRAMOS'),
  ('64', '15', '0', 500, 'KILOGRAMOS'),
  ('65', '16', '0', 500, 'KILOGRAMOS'),
  ('66', '17', '0', 500, 'KILOGRAMOS'),
  ('67', '18', '0', 400, 'KILOGRAMOS'),
  ('68', '19', '0', 500, 'KILOGRAMOS'),
  ('69', '20', '0', 700, 'UNIDADES'),
  ('70', '21', '0', 345, 'UNIDADES'),
  ('71', '22', '0', 500, 'UNIDADES'),
  ('72', '23', '0', 500, 'UNIDADES'),
  ('73', '24', '0', 500, 'UNIDADES'),
  ('74', '25', '0', 500, 'UNIDADES'),
  ('75', '26', '0', 500, 'UNIDADES'),
  ('76', '27', '0', 400, 'UNIDADES'),
  ('77', '28', '0', 500, 'UNIDADES'),
  ('78', '29', '0', 700, 'UNIDADES'),
  ('79', '30', '0', 345, 'KILOGRAMOS');